date,val_dec_1,val_dec_2,val_dec_3,val_dec_4,val_dec_5,val_dec_6,val_dec_7,val_dec_8,val_dec_9,val_dec_10,val_lh,mom_dec_1,mom_dec_2,mom_dec_3,mom_dec_4,mom_dec_5,mom_dec_6,mom_dec_7,mom_dec_8,mom_dec_9,mom_dec_10,mom_lh
2010-01-01,0.04934939488621742,0.031207031223625305,0.01952442647601704,0.05098425691037027,0.010133783714897864,0.046370658291199844,0.02806706219298147,0.04426207538712631,0.027515596752829788,0.05278333034341373,0.0034339354571963146,,,,,,,,,,,
2010-02-01,0.03681632791140583,0.024923077810315445,0.05747133945784345,0.034454969061732316,0.035008231958506,0.05116509249305388,0.048554025655044214,0.03715069128516402,0.03177397424437625,0.024253926720909775,-0.012562401190496054,,,,,,,,,,,
2010-03-01,0.08728377107541636,0.05772341217251913,0.003283413436264871,-0.00047979795136996714,-0.0026733999616025362,0.040072491505236736,-0.022683005475805457,0.02948393386890513,0.020308701304744364,0.021990684914459102,-0.06529308616095726,,,,,,,,,,,
2010-04-01,-0.05009190819051725,-0.020821341070728024,-0.02595018704359889,-0.03436149728343834,-0.047470428353511396,-0.03433512136704002,-0.04545759599599793,-0.021597214047999854,-0.03281502090597608,-0.03339580498374741,0.01669610320676984,,,,,,,,,,,
2010-05-01,-0.031300491505631196,-0.026883876659822257,-0.027688385333849444,0.011842838271014058,-0.03471659806662644,0.004568577326508881,-0.009614248847477367,-0.02693725410229699,0.0030883086166353575,0.0022174547487114576,0.03351794625434265,,,,,,,,,,,
2010-06-01,-0.005781142228029751,0.08321972812643237,0.05323179219161799,0.05348610064570592,0.04922991675733926,0.07585706271105773,0.05278766140021396,0.057600874970469645,0.055116523901014514,0.06307723809351058,0.06885838032154033,,,,,,,,,,,
2010-07-01,0.07264548472847779,0.007830079568042568,0.025264103326012685,0.024899254545084265,0.029902622040067005,-0.017513980714153117,0.003446967842648335,0.010523507465497801,0.043364391336071985,8.374189527028328e-05,-0.0725617428332075,,,,,,,,,,,
2010-08-01,0.05993134964281255,0.037019003787754697,0.043618940270284116,0.027870698654573717,0.07110872847829545,0.05118082861099396,0.060007705021837256,0.03908545225492207,0.06799371546251097,0.08254939911720947,0.022618049474396926,,,,,,,,,,,
2010-09-01,0.05936540369758628,0.06659653434267256,0.02408528597832298,0.042829577217200515,0.016718683806768542,0.03259250759041945,0.01720575762872425,0.05676846444263234,0.023938164734354905,0.048396778992590976,-0.010968624704995301,,,,,,,,,,,
2010-10-01,0.04862197080791714,0.01852572886944751,0.002031427531376549,-0.008377760373636599,0.01842526853320009,0.047894425018245444,0.03336952895633023,0.011293887943474974,-0.0032342083248658397,0.010063113921155034,-0.03855885688676211,,,,,,,,,,,
2010-11-01,0.03429955801611205,0.06814875326582061,0.04649583641256988,0.0650232052035834,0.050399965623786847,0.08732452669190656,0.02387978013585119,0.03877073263987595,0.0043821292849790675,0.01927797937955025,-0.0150215786365618,,,,,,,,,,,
2010-12-01,-0.0693284787991601,0.023119815489839653,0.03782388244028118,0.03622555269321066,-0.006648250012238901,0.04690846217827568,0.03748553796747871,0.005633351094585799,0.019218690212557708,0.04680771004608722,0.11613618884524732,,,,,,,,,,,
2011-01-01,0.05844791778987292,0.030507208529830868,0.008190476454387658,0.009962921924007192,0.012867428222454416,0.021655233338561248,0.05146267341253467,0.052477981208690676,0.04613974906075501,0.016800025837422367,-0.041647891952450555,0.02697087244569539,0.03240223847023382,0.03209961112544939,0.04475360768225191,0.0372399777435588,0.04884356212653152,-9.007279548604031e-05,0.03249737692063827,0.02204266848154156,0.10286349767637963,0.07589262523068424
2011-02-01,0.021566560923314788,-0.012498534944355573,0.01928716588828695,0.02394755221455325,0.028750578555974515,0.007180658572791716,0.004991378977407108,0.015427929672525834,0.028349391369199534,0.03855600611995975,0.01698944519664496,0.012010591702721255,0.026333341401625226,0.03362846831740761,-0.00249342949694622,0.0228762019934677,0.020638877007071177,0.0009459481310507472,-0.006401221605326062,0.03462387851684814,0.01422218166882646,0.0022115899661052044
2011-03-01,0.006257341973566092,-0.019288842369129932,-0.0026674794234946755,0.004072723655788117,0.023974222471098133,0.01387231960966581,-0.007055992346197009,0.015242299032275192,0.0008803362870611666,-0.015206391225351744,-0.021463733198917836,-0.027358447380355755,0.008047337330007082,0.018863331309633833,-0.0022508458732379993,-0.002066530708505419,-0.00219235989247048,0.0190213011415396,0.0029231389400061194,-0.02224056734147635,0.009263306909764875,0.03662175429012063
2011-04-01,-0.019921135580672808,-0.026151084874772332,-0.003105626813234851,0.014402132009186233,0.02075919561349677,0.014967495450105707,0.022949408816384034,0.005727243097976964,0.030501204650324795,0.038319356837995644,0.05824049241866845,-0.00018939656672956542,-0.01860401405022758,0.0030035540096419117,0.010955688253967644,0.03804267712950884,-0.003958538793043863,0.01973345047421688,0.022539360502067875,-0.02328474186041727,-0.05554553127705712,-0.055356134710327555
2011-05-01,-0.01346587863805784,-0.015648189650432708,-0.008222186975800584,-0.014166558827563276,-0.020134030273102812,-0.049446126908009924,-0.019261595400771443,-0.007048474877521225,0.006886417687036457,-0.03067601875563219,-0.017210140117574352,-0.06098306154039851,-0.02261587579932685,-0.04050765893402245,-0.015891873531881744,-0.015268442637151332,-0.01921514529306021,0.0008450236289137066,-0.0039025804054696753,-0.03574958417694316,-0.0451949105660032,0.01578815097439531
2011-06-01,-0.00912989833151584,-0.02845637879179998,-0.03375551687065169,-0.011833717997287801,-0.000733139822705582,-0.016852355601097525,0.002741375049063146,-0.0030782194720399194,-0.0033734007537967164,0.0343512439295794,0.04348114226109524,-0.007791222834215121,-0.013211596070245513,-0.04663073987513628,-0.0013321139466125481,-0.03196283135032355,-0.009395545452507178,0.04719407626048802,0.009954595016144508,0.0007196549011696061,0.039214368000140845,0.047005590834355966
2011-07-01,0.025922972600047983,-0.025715711924817964,-0.08978541687663259,-0.03412443046164944,-0.047296714160609384,-0.018032687018426908,0.001594822955479601,0.002816084474410483,0.013315868879874933,-0.046635316806315906,-0.07255828940636389,0.00025418009821909573,-0.05252948573572165,-0.015416404263592755,-0.0038771571991738935,-0.027375540028668575,-0.019581245491900795,0.009442368034462013,-0.06666670813412184,-0.06718007092787591,0.018328650304293516,0.01807447020607442
2011-08-01,-0.09428810357554897,-0.08673410572192987,-0.055698370784948256,-0.06025819961070606,-0.08520483806972566,-0.047875621700021194,-0.028987465393261067,-0.012925409595695615,-0.01892765748362704,-0.03924393459101764,0.05504416898453133,-0.07789132440382673,-0.05672113028845307,-0.0785682199326951,-9.5275015295819e-05,-0.06556363922260831,-0.04290029260148121,-0.0723490050532284,-0.12550041155700295,-0.11747989663334661,-0.1294232497750267,-0.051531925371199966
2011-09-01,0.04518051678300053,0.05618464917074354,0.10743407870803284,0.04611811287863927,0.08599637058085391,0.039697513025084695,0.04227889944673521,0.03803227348581372,0.04387819387721135,0.015280539682363915,-0.029899977100636615,-0.008761329339783514,0.04044139485286728,0.08823499327752629,0.08950415303543534,0.08083560932027713,0.05610649352196625,0.060585516891346086,0.04946089054246495,0.0927799168912291,0.1377807435293858,0.14654207286916932
2011-10-01,-0.0161645002739669,0.046955355376475806,-0.018236041129160375,0.019963831338934153,-0.012667042271147745,0.012153634664481067,0.0009514498624601173,0.0002776736666815889,0.008944225833566957,0.04384284344438978,0.060007343718356684,-0.037587997855594635,-0.003964248673354077,-0.05337941974858767,-0.0008130303242279077,0.02009080752169297,-0.003933881139211663,0.0037920236736999555,0.04650343545615193,0.025245577696001956,0.051411628396087705,0.08899962625168234
2011-11-01,-0.04081443348334294,-0.07963588672178565,-0.011794259420022109,0.014926960440808755,0.018375638792859177,-0.0026259694278349404,0.023331405585276337,0.01698431776728197,0.035539911989015564,0.04163763675370434,0.08245207023704729,-0.10730888158238427,-0.02503585085408914,-0.027159879816263888,-0.04312971458153449,-0.023217032176136684,-0.00879628912215248,0.0318490467898691,-0.004193408280021649,-0.0034352145018249807,-0.0018261945325112458,0.10548268704987303
2011-12-01,0.05202606338963433,0.07588627200833331,0.044027434787340856,0.08940546667287845,0.09464193966176172,0.024279027302931,-0.010235931281797993,0.04568904237916142,0.024159299389613226,0.08464202587256267,0.03261596248292834,0.14007534459413148,0.12258291333738859,0.09212864656008844,0.11447752761418409,0.056088452734835974,0.03526077338587851,0.021130030311823426,-0.0008452739535592573,0.023379855713759362,0.0529204645072141,-0.08715488008691738
2012-01-01,0.023668337993419695,0.013300538563823868,-0.010571559093090108,0.02584796940858477,0.051181356249405965,0.03199634073311865,0.02077845329497458,0.025161036817354137,0.03282054455510224,0.046445007086413116,0.02277666909299342,0.008053321999278969,0.01051245071557535,-0.005389476667530459,0.03252262055275436,0.03797417875900565,0.03436007063498354,0.009923041509228632,0.02855075135970188,0.013329499155427738,0.017493737992343824,0.009440415993064855
2012-02-01,-0.0463907760060348,-0.038743616095726637,-0.0034361907666150084,-0.018078991860751202,-0.023687471807108593,0.015266955776957957,0.01514361573790107,-0.015988470735635325,0.003438875243467361,0.015333593346543408,0.061724369352578204,-0.11302180272221361,-0.011790982066200918,-0.04386759442393043,-0.020414557123039592,0.022672323429605512,-0.010249492921969233,-0.02780041810023258,-0.024074075659171752,-0.042504774142016796,-0.00977583135305467,0.10324597136915895
2012-03-01,0.04809261735730196,-0.006557343069190023,0.01721104917112293,0.010580295285425586,0.0028742258504287164,0.007872963099889493,0.004875433825176046,0.019793641593411584,0.011021588344206476,0.009439841566932224,-0.03865277579036974,0.02948241158715176,-0.04149517068764888,-0.025068888329486894,0.02339832369948599,-0.010060185839862111,0.008968460489435061,-0.0007479058539028576,0.008228481027573148,0.05394606581831131,0.003857138488899231,-0.02562527309825253
2012-04-01,-0.03795928843276009,-0.06879591746583978,-0.07679559276783963,-0.07260374022701375,-0.019372349270681394,-0.05026306185739098,-0.03937509636203348,-0.05190779620267826,-0.01271434349365027,-0.005444966474008245,0.03251432195875185,-0.14408084127027945,-0.08647859157237948,-0.09715869083422993,-0.06592345222306177,-0.058806454140946915,-0.045801615613495515,-0.013054740241412063,-0.01296002169857284,-0.02331035006812349,-0.010216055297868882,0.13386478597241058
2012-05-01,-0.028029360775964438,0.03607001574374666,0.0023351311949204377,0.006635140160169884,-0.0035956505510218073,0.001657490646733447,0.0061252684071267,0.03079865056250578,0.02167284913608752,0.008119149200153847,0.036148509976118286,-0.043677946876681986,-0.0032684357096613437,0.0191439448525269,0.008145138178216242,0.008260451215920284,-0.005187611708225412,-0.0026021498971112553,0.006944882018555317,0.014831959551008944,0.00018250121069690717,0.04386044808737889
2012-06-01,-0.009752364719568,0.018237712308481514,-0.0028334987665423698,-0.015651268439327702,0.033694873879498384,0.03381110684996348,0.025219035994956545,0.029548684445753905,0.025120446127001858,0.04669067962604667,0.056443044345614674,0.11099715649760267,0.012199406821580749,0.0290324005890307,0.010177057789521016,0.03564751953995516,0.02359484505273247,-0.010622331597173802,0.0255672525604,0.024760451469701204,0.03648739346138985,-0.07450976303621282
2012-07-01,0.05062957983428563,0.05375260783011278,0.07798411295840711,-0.0010713143144280473,0.003974434991854162,0.01515667789268663,0.017202960890570433,-0.0012325905943309627,0.002935439870511784,0.01272661419131817,-0.037902965642967454,-0.011154011311820738,0.0691575351899531,0.05275538065353691,0.01166079017107334,0.04417782246058561,0.02632929332683188,0.024000811463859458,0.013924026510730882,0.005865090564368141,0.012150791604928001,0.02330480291674874
2012-08-01,0.04353583659289366,0.10037583750960094,0.035718363341854284,0.02682096853404385,0.025533157064055047,0.04213736387672443,0.02847179616160335,0.037823989004817656,0.03422588151588686,-7.279127494191479e-05,-0.04360862786783557,0.14012268557171847,0.11169125946190012,0.08098102155325036,0.03284404262252748,0.029329453573874783,0.025406699599063377,0.013194449164741136,0.02371358551821148,0.01284681899433197,0.021354891780971254,-0.11876779379074723
2012-09-01,0.029406980761701503,0.013006905649118284,4.398727626198405e-05,0.030062445218790854,0.025773737144694622,0.01109640966415353,0.006423268129528899,0.008179406331493907,0.018604545873071834,0.03881581029755947,0.009408829535857966,-0.02928052431438012,0.06074926857007492,0.04005515693713464,0.004203035001202578,0.021208749380684306,0.013069488003346,0.008859562058726494,0.012112660298526076,0.01832917011562917,0.015443698942481935,0.04472422325686205
2012-10-01,-0.016969428177612777,-0.021780540917097475,-0.004466875423103646,-0.009174057157076245,-0.013761746367289544,0.019802791201370223,0.016272700559891023,0.011363737670513022,-0.0036569916852406846,0.006212929641492884,0.02318235781910566,-0.04813209491487073,-0.04414713119727005,-0.019364543201678887,0.02189544463813047,-0.01700069438155929,0.016008799474096398,-0.0034007370124691126,0.00376463724759905,0.00019918602379981332,0.005609934553162465,0.05374202946803319
2012-11-01,0.0027212543761653486,0.030484997563627086,0.033891749251110624,0.05561683008233945,0.034827698822563466,0.04555903957876094,0.013971936968575776,0.01898651591135595,0.01636338248451993,0.041725038777016575,0.03900378440085123,0.006986433826182643,0.0033520404335723956,0.0174310051239252,0.03792208542342668,0.03223965152820021,0.0193144375573064,0.025026498738068986,0.0228801715508601,0.02324307957953934,0.009929386677599253,0.0029429528514166095
2012-12-01,0.013818191302820065,0.009948473067816172,0.039840259509894005,0.0502126645654986,0.04794641032045974,0.04696174979249416,0.043159088966157215,0.04736741465871887,0.03275703540481115,0.048533443686584854,0.034715252383764786,0.010021699303897194,0.009306642980875982,-0.012885269942248338,0.009691324521244531,0.022798964497698294,0.03334120548867021,0.027980181146528487,0.06981668366516317,0.06009646732544824,0.059982951031785955,0.04996125172788876
2013-01-01,0.012707075996382844,-0.015818003613682408,0.003542448944873452,0.014382941727911363,0.026064694178926002,0.007426749588554169,0.0036112037466900374,0.027828425427999272,0.029683161253117908,0.007809099664835137,-0.004897976331547707,-0.0773930329005132,-0.029797026040704177,-0.019487909589850777,0.021723105505968232,0.02429524352253269,0.004931940943889511,0.023676335409529806,0.033745982378452104,0.026778922753306806,0.027302773489641306,0.10469580639015451
2013-02-01,0.024363454410193285,-0.003349515840022993,0.0017094042003646926,-0.01081911888559953,0.03231682238652719,0.010177237404189517,0.007689010638712508,-0.0008182086494527938,0.0020984644372224926,0.0039516407909967076,-0.020411813619196577,-0.01593120760962926,0.010651591006516824,-0.0008970129568095345,-0.005037304404981949,0.01910378816108104,0.018398863883465736,0.004083832610092517,0.01678303728543548,0.017100224631383106,0.045028296596505264,0.060959504206134524
2013-03-01,0.012244188833142544,-0.04194755789413503,-0.04119250335185993,0.013409236227787603,-0.08309431681654413,0.002067139471197507,0.02870929080521499,0.029071391592187655,0.0118745741277686,0.03558642136312541,0.023342232529982868,-0.18620852573576233,-0.08106039858160964,-0.05532382275387053,-0.02194946593154088,0.01157562397631373,-0.0010107043085906407,0.01560786446264683,0.023496433715955452,0.03384058935744712,0.02111074052397532,0.20731926625973765
2013-04-01,0.03689319664622476,0.024433357182939687,0.039487511709059654,0.09101605478490583,-0.013659510398045934,0.020134084714746998,-0.009430850424293384,0.011748940841972647,-0.018790216598188577,-0.020899242615717965,-0.05779243926194272,0.024365399828759633,0.03371156142167532,0.020583840666727988,0.02007834269866845,-0.011251740124128195,-0.005803886078743728,0.0184658801475096,-0.005725553457919995,0.0570615557987289,0.015851993116643422,-0.008513406712116211
2013-05-01,-0.010389668373304286,-0.01402591306046554,-0.04559500781006164,-0.019719273574095284,-0.05069407457478224,-0.04642023725225682,-0.05170528174850457,-0.025216132067914437,-0.02479042608282286,-0.04062252405397349,-0.030232855680669204,-0.1623674351437878,-0.06455300663576873,-0.03698078995732166,-0.04369837569146973,-0.014960162331328615,-0.02733892496679206,-0.011562071307551642,-0.010584523465716717,-0.025813182466346594,0.0035195732277002387,0.16588700837148804
2013-06-01,0.04978670409365005,0.07585741767502402,0.04905711883492648,0.01776931082512003,0.04358429718469263,0.07636769033756827,0.021511335473744623,0.0290177024626522,0.005968688148917447,0.007628457480175434,-0.042158246613474615,0.12146057111561953,0.07235882373411391,0.049204616915039585,0.04928173075331481,0.021189388759883396,0.03496108177313501,0.029456927352075783,0.029991697062381556,0.01803019825598204,0.014956263850633774,-0.10650430726498576
2013-07-01,0.004485110306329621,0.020932731443600507,-0.0008680753838591864,0.044378729253039255,0.0399107585635406,0.055955236806700705,0.018012980935222862,0.004632834105629779,-0.034845320593963634,-0.02747214565551723,-0.03195725596184685,0.17170163219192855,0.0834307775045239,-0.0064396918669305,0.010668333393789626,-0.007215458452472295,0.00016892084778392444,-0.012694367158368067,-0.020216140979282628,-0.0082351321756589,0.061231280603633316,-0.11047035158829524
2013-08-01,0.07010572389080458,-0.021945174718560178,0.024221456256622247,0.005559781709722108,-0.0015578681739776082,0.028593065044624492,0.04018653193301239,0.0118984751523944,0.04958861242532102,0.027365254845427765,-0.04274046904537682,-0.15932472316427784,-0.03457288947597138,0.025127785243298867,0.02870316015688078,0.03391554077294116,0.026502428500187854,0.03319789992073944,0.03175512077844976,0.04450389053613925,0.027513567155371496,0.18683829031964932
2013-09-01,0.04804589570964129,0.06933519925399075,0.038338239753038295,0.03773600149763871,0.03004425722985745,0.065304580826122,0.03778171256029354,0.06543292318392177,0.04314436259747823,0.023380386806519445,-0.024665508903121844,-0.011181825556181878,0.008397168430870601,0.034174450023824535,0.0411142232265118,0.039623388292190496,0.06587129123468606,0.04825929458160328,0.038674814605211515,0.05394861540345553,0.09642993474795021,0.10761176030413208
2013-10-01,0.04276102885469623,0.00035250457426940635,0.01181670908447051,0.0006369838981493661,0.011264555993585548,-0.011948679875417586,0.022012633306332963,0.007297189644500143,-0.008464489222898232,0.004176896801138394,-0.03858413205355784,-0.0809249763876977,-0.11386518667953109,-0.034694036932246965,0.00036427658562292187,0.0056954887724746,0.021337200609311335,0.006470707706171573,0.0241906089818676,0.033053245070166,0.07998928021783272,0.16091425660553044
2013-11-01,0.03588254937689349,0.013645515878134314,0.014175142267272716,0.02618258380729636,0.029805487049931932,0.01979493458316667,0.024510114685209004,0.021404581707525207,0.05243574862609423,0.003604749547446779,-0.03227779982944671,-0.0016548954795468705,0.011747513501354811,0.030050467463243358,0.012902821166290062,0.03533317457208299,0.0450228024156174,0.02075229168452967,0.051332015136113254,0.017468391780388476,0.015124141608169737,0.01677903708771661
2013-12-01,0.0168696105461732,0.016211059340900977,0.03149814106332043,0.016551866392295455,0.022617158960593138,0.0099324630690891,-0.007501994953438955,0.020807443772055602,-0.0012532730731600386,0.021299387792371848,0.004429777246198648,0.17465240546511135,0.15745850282904933,0.012334792633857861,0.05658335694931143,0.002276335328324012,0.01318246449213344,-0.0020352827752560558,0.015333481323474837,-0.01820027554740764,0.021533011465905874,-0.1531193939992055
2014-01-01,0.04591410351023643,0.07096037989104945,0.06020005649243863,0.05406213516063898,0.03705942505084665,0.06555178153144582,0.025316744985134573,0.032544909701825706,0.01147779169673421,0.021090529323802877,-0.02482357418643355,0.15849160698093614,0.09473263794255787,0.04265596763643259,0.036299820608085745,0.032480186531206066,0.0733138935001824,0.04325858330959556,0.03290201759544561,0.038516668315979184,0.08697530004708301,-0.07151630693385314
2014-02-01,0.001003511742001894,0.03129349722150853,-0.019716874451843495,0.011500408980676028,0.03789275769730628,0.03226557279758005,0.027483415592786414,0.011803465820205337,0.02523275126429445,0.013507133057135443,0.012503621315133549,-0.09652178004598813,-0.03169307521393246,0.016423572389926918,0.022097777552803673,0.026084000789386348,0.02542871289232236,0.031157177990222037,0.017899920625791405,0.03729285094191192,0.02859196345050813,0.12511374349649626
2014-03-01,0.026736304134867928,0.02005189618861991,0.020803631747650427,0.03581093637101251,0.03880758553493468,0.01484352985751135,0.019079352814558328,0.02614118077169671,0.034624040247085826,0.010896863935387914,-0.015839440199480012,0.024817368901270967,0.004000694115439801,0.05016942934540313,0.03342959222865722,0.011237812235308177,0.03703141900646483,0.037588367844729915,0.05683481214350986,0.012169070413361793,0.05863399261580696,0.03381662371453599
2014-04-01,0.005313846815740492,0.018039461964648,-0.021458274171195037,-0.029541604526007532,-0.012193529411355764,-0.029120571782174667,0.00978948389525308,-0.011421102816455251,0.023224545293826743,0.020100830485234228,0.014786983669493735,-0.020051025973391298,-0.007326955626887012,0.0019513440241600705,0.0015104761612945597,-0.022654762370310527,-0.010095761200561566,-0.008131351568613263,-0.022529719457928102,-0.03955199734297559,0.011331673829456138,0.031382699802847434
2014-05-01,0.017123305836980084,0.061762604763281166,0.051027696768684,0.07095616316162691,0.04113105088928241,0.07135340142468703,0.017929771087338536,0.04849901152428349,0.021277328632106216,0.02443978657251163,0.007316480735531546,0.19597080086071286,0.03506284416580238,0.07670942521158695,0.02085573942660735,0.03562385127597204,0.05066441919417581,0.06634115122687682,0.06030136435561181,0.08140277056767661,0.04776959807131435,-0.14820120278939852
2014-06-01,0.027875589242261536,0.013029722775567508,0.008053576193894766,0.03370201602828717,-0.010312776656595708,0.027684167220844113,-0.009007319291041349,0.026355490648393848,0.0006613219601587005,-0.01676264007808182,-0.04463822932034336,0.0005485496101497116,0.019890954448734274,0.0025778133004222235,0.027304314056079786,0.012568937176278223,-0.005426808088444783,-0.0036022936333413515,0.019788925634887673,0.01153690059295781,-0.0462178926343125,-0.04676644224446221
2014-07-01,0.021345320223795115,0.03312238979905568,0.027522870424057953,0.0015739021592121641,0.019257104150808866,0.012719675326657786,0.050773270380511916,0.037984667342968126,0.04645651426100282,0.03406329468284548,0.012717974459050367,0.04211312652256718,-0.005189397785106533,0.038624772923581095,0.02591190630805045,0.026114332597317155,0.040420308611276164,0.011891800262873911,0.02898117244621377,0.024684549484059716,0.03502508336748682,-0.0070880431550803605
2014-08-01,-0.025094809802742778,-0.06177873711816999,-0.04742667561486654,-0.028375459294276588,-0.06288662528490291,-0.04323434686193243,-0.05337486631835926,-0.047744675185017446,-0.04102410888976934,-0.051844498736861255,-0.026749688934118478,-0.13399745281634806,-0.11171042285090832,-0.05062159989124606,-0.03493174069884609,-0.015755327457924184,-0.04071242582145421,-0.06212286333425564,-0.04489309993543033,-0.0553083316606687,-0.10788561138197506,0.026111841434373007
2014-09-01,-0.022923380093465246,-0.01231193026737438,-0.005858245504595558,0.01941512148722115,0.0010790572154652503,-0.01667724874226797,-0.021857151787643286,0.012862825297385643,-0.03748396590321551,0.016486383704681785,0.039409763798147035,-0.1324523764098745,0.00797848850164968,-0.03710919604138433,-0.003127013486874005,0.010342220882055546,-0.030615772261143172,-0.011137564443648586,-0.038874327027024,-0.09654122338775552,-0.04447852912155528,0.08797384728831922
2014-10-01,0.07286808373090224,0.017828216269734864,0.016007962675821028,0.07748373249458299,-0.021233718795509428,0.008465889917563585,0.025117618660313208,0.010436659197163665,-0.032083692386271435,0.0025622495978196943,-0.07030583413308254,0.03297428543446635,0.04796004534314353,0.05868191144451654,0.019823596981192456,0.0032225655597788016,-0.014439712151870973,0.028845062327838428,0.008784160270678479,-0.013695234267890082,-0.027570059196107603,-0.060544344630573954
2014-11-01,0.03823411889632324,0.00014877360113155113,-0.005857744861512607,0.027682401176430067,-0.008415329936518678,-0.004654711479739649,-0.02054202448387072,0.014124375283222107,-0.028387141669017707,0.017932786388869044,-0.0203013325074542,0.027061995123040434,-0.024896856907939486,-0.005286475238065723,-0.006814689246208546,0.01704433636864424,-0.011285476368563039,0.01915203787597902,0.005660851989858512,0.02357052441841316,-0.022830566232314425,-0.04989256135535486
2014-12-01,0.03326865288417876,0.06691042608486349,0.04012244659190566,-0.02796708234639807,-0.03333840924220475,0.00533673932616235,0.02164046737786737,5.7000661829084724e-05,0.017366921343703576,0.04390203804366254,0.010633385159483782,0.003530492481235809,0.06763117630441969,0.026804950068149855,0.005804641884664912,0.010715504208590682,0.05589023473850315,-0.012831811155832979,0.054328448865759695,0.04157239122435376,-0.0043437875121550605,-0.00787427999339087
2015-01-01,0.0425428125110978,0.05927896154755865,0.02451622594007346,0.050244898315447054,0.01739008797183168,0.03483564185797276,0.06153191246213623,0.025903112777604355,0.015596155795101657,0.06188015363499215,0.019337341123894347,-0.024694850022442927,0.04096724447024092,0.05418924530651647,0.037072689587493074,0.041307294988526054,0.029545947697053727,0.016107702761135892,0.02659409127941979,0.054089506862734685,0.05030777685357909,0.07500262687602202
2015-02-01,-0.029275139674636703,-0.011654822487556765,-0.017556207174598135,-0.014621382814573973,0.00032506025514610667,-0.0055187848684706,-0.021171573230581147,-0.0057480198214266065,-0.015873030487642558,-0.04379237980164815,-0.014517240127011447,-0.0846888375804083,-0.050859112506721406,-0.0500861451522617,-0.013133954597675726,-0.01418090695203635,-0.027815287110021417,-0.02893346335605453,0.01206558790763352,0.002339511056633711,-0.00291493517981384,0.08177390240059446
2015-03-01,-0.004606287519858994,0.03779414220010852,0.005527986875559669,0.023985488993168994,0.04142610223820139,0.027215704666589395,0.03422521223419932,0.02952956831317613,0.01877344681195175,0.063030303147594,0.06763659066745299,0.12960516880941297,0.08281486550200554,0.07554675348340324,0.04645319265559036,0.016318629804792525,0.01656914989148286,0.014553839352995026,-0.0011816250255931166,-0.0007963643669612735,-0.016312798400154146,-0.14591796720956712
2015-04-01,0.020697364146983265,0.01353058161753073,-0.036406275935097134,0.010586886607377692,-0.005409796912592228,-0.016376160025399357,-0.02993828860718922,-0.02359067549604157,-0.03474049566409323,-0.015806971964950574,-0.036504336111933836,-0.004011177664109468,-0.04271071319525182,-0.036144672136105636,-0.038011859957548695,-0.008438096065648043,-0.006319170435853412,0.0040972803377302275,-0.004670424016501244,0.0015646296722472098,0.0369386998148216,0.040949877478931064
2015-05-01,-0.019203319784739457,-0.016220508062624657,-0.04929919595634635,-0.023483820023027305,-0.043812252829793674,-0.019436444528780277,-0.027780343603156555,-0.024848584471550583,-0.0142797969280545,-0.05235886644981694,-0.03315554666507748,-0.0467503609425427,-0.05613838653750104,-0.061200105981619096,-0.0407939902533666,-0.017494068502013606,-0.032308414532437844,-0.012419117564019547,-0.015272586987333706,-0.01008640124660468,-0.01986563023569383,0.02688473070684887
2015-06-01,-0.015178024338418071,0.02282470573354218,0.0071055565031524865,-0.06290382217089144,-0.04814884162528104,-0.0045741550332104456,-0.003581545571744634,-0.02266781379406316,-0.07157215621252364,-0.015111111765439493,6.691257297857835e-05,-0.1649104578086116,-0.1656327983511327,-0.16242249608351156,-0.06136714999425203,-0.026316897158382382,0.015929369363102613,0.01837780283746933,0.009641171018157743,0.03171126751009511,0.08706108003935764,0.2519715378479692
2015-07-01,-0.05332923896145106,-0.039746035739596806,-0.02999203736470484,-0.035082878524306825,0.039878515297913385,-0.025706776146023243,-0.00842125395597858,-0.018277172429205506,-0.006793055432412507,0.00898788388233624,0.0623171228437873,-0.051745555508690165,0.00961031613444067,0.03239571779500182,0.006611027390775854,-0.00589941504080086,-0.03776553277248698,-0.03187732250231928,-0.01803016101796181,0.00943491135944825,-0.025217967504456477,0.026527588004233688
2015-08-01,-0.026499181004109296,-0.030515906485169497,-0.010616641851388907,-0.05531511952590044,-0.0082688359617271,-0.03541839541169196,-0.03533179087823062,0.03613049667367577,-0.011477364107055686,-0.05580924242177659,-0.02931006141766729,-0.15359227648292081,-0.0419517537183301,-0.05754534356516541,-0.04535558229390482,-0.04051503952099897,-0.024587497332425545,0.009765299141813386,-0.0005146651049263999,-0.00831807934547523,0.002667123706978304,0.15625940018989912
2015-09-01,0.038171763804779976,0.04016442881157058,0.05156858463216724,0.08045130251714151,0.0167499926375045,0.04990676162640336,0.032039215497417506,0.039324645453505086,0.048491828853304664,0.04563885124776119,0.0074670874429812115,0.09539392635901299,0.024017118198052346,0.04830918410918497,0.07287863860239188,0.05161941880650023,0.06531169580808445,0.03264372072310584,0.015965256257871967,0.030630010055521264,0.003022543947335,-0.09237138241167799
2015-10-01,0.02338804877614686,-0.000943028058920657,0.03268162102406822,0.010933939076495177,0.01856625010334543,0.00824041626698865,-0.0020902342226352647,-0.02041572133131718,-0.035142831392319954,-0.018473076027667634,-0.041861124803814494,-0.09549537295211223,-0.0663165492961,-0.006452832502940199,-0.010832922269268321,-0.020757120098259797,0.017323188216014238,-0.005677737478890295,-0.009309037459341217,0.03612864906310154,0.04987052338000274,0.14536589633211497
2015-11-01,-0.001535000601300406,-0.00800121847488895,0.010222816544418213,-0.023954248219169492,-0.03659014405501113,-0.034136703300266545,-0.04315399945939156,-0.016354587698673335,-0.04208542492325137,-0.05629720652784999,-0.05476220592654958,0.013668455160727767,-0.03710239966839909,-0.04987389425030655,-0.03769612359913095,-0.059409602518791675,-0.015240892019084462,-0.006572335372627045,-0.014120807109584868,-0.015198992908669329,0.02036461322957782,0.006696158068850051
2015-12-01,-0.11457988194003171,-0.011615864982903113,0.0025217079159114116,-0.019317763668699566,-0.02764897922366302,0.01667042749869529,0.015430820459893886,-0.0082103212416988,0.02873719503628571,-0.01258752454679746,0.10199235739323426,-0.13635648857430768,-0.031209662802409246,0.04815922440779942,-0.028041545719354268,0.02105956396909281,-0.024240972264790144,-0.03608404125944496,-0.004456836992000664,-0.025071420808537245,-0.023645549109357532,0.11271093946495014
2016-01-01,0.05725058852514545,0.09726194308453229,0.05372192512879015,0.06569918919605879,0.0673387841460891,-0.013755361734347299,0.00022171452536907794,-0.0003319762282822663,-0.0005907458740011075,0.08040850344993436,0.023157914924788907,0.21407116983764551,0.17245693849559796,0.04333993495323982,-0.00814524189975167,0.03235847255663441,0.04423092494311235,0.013772060840774883,0.003029445377338551,0.0007319881705324477,0.0081491369744106,-0.2059220328632349
2016-02-01,0.0061113120736976,0.04572310628836907,0.0616465833711942,0.06381554304708845,0.0742568354812442,0.07080423277816256,0.06193950121925899,0.0808158519449487,0.04784999712418469,0.10572406565594268,0.09961275358224508,0.26917399040422835,0.0784507729124167,0.06971856091694807,0.06944334230890192,0.07127873079639681,0.04704657883385643,0.05462534776096139,0.06475877466747251,0.022143965089295038,0.12607701305271504,-0.1430969773515133
2016-03-01,0.07507508110050934,0.12684081999633226,0.04940279051197073,0.04687558068306437,0.04778795586666722,0.051551350155649205,0.01841097470446137,0.05640960440555347,0.08701060349577938,0.08624294464481203,0.011167863544302686,0.23304709885550778,0.16081386506290385,0.1727457633908847,0.10714069064364144,0.047592506961255505,0.00819060487272245,0.006035280517596063,0.04191145472748726,0.0011609956469062883,0.06554019338733616,-0.16750690546817162
2016-04-01,-0.022089678998369854,-0.012992580817325138,0.028471892383894398,0.05483356554333927,0.026035372285506717,0.0302756493356245,0.00967774273996804,0.012218405827869427,0.044463455574690586,-0.0060616510762763025,0.01602802792209355,-0.053497744093741625,-0.025307477167549653,-0.029918719696959004,0.011999822615190519,0.002789107903363102,0.04199463542844634,0.07317553636374272,0.0633554545767311,0.017471391401365284,0.005250663666586595,0.05874840776032822
2016-05-01,0.03415352015701561,0.025327242551594995,0.0072854973198082365,0.004431511141614341,-0.004216715696810306,-0.013323224060705487,0.02262279735097607,0.018282542111858684,0.01929753758629372,0.022038592164772653,-0.012114927992242955,0.04499918776310491,0.027568328854573883,0.015089977766154792,0.046995867030638266,0.004488464817091274,-0.009592560867604166,0.016071157746525316,0.01887352888672985,0.08615218897390649,0.05808761653202866,0.01308842876892375
2016-06-01,0.0868712718245723,0.07428778346892657,0.03792106977814271,0.021541938223239566,0.010740833059599171,0.03933098118366892,0.016206179895385052,0.022486954587633046,0.02701736121982844,0.08781869313166552,0.0009474213070932158,0.36135086594114935,0.04193459170745354,0.056605140174125455,0.06871218475211376,0.028115592565038296,0.0632648557085178,0.052827416678695095,0.04410973853490103,0.10099881741150878,0.11320149169245024,-0.2481493742486991
2016-07-01,-0.07748160747978695,-0.006686633090288959,0.032378589809400574,0.049655053326045785,0.03534846509662388,0.003236668984335034,0.019410755290293014,-0.017667645056762014,-0.012518157810463294,0.0032293981361897917,0.08071100561597674,0.2737685011790477,0.01123091947498796,-0.013192841345403687,0.04035473551015562,0.0032236961729476365,-0.009719849558968633,-0.0093405432591023,-0.0069726529160013,0.034609530063109926,-0.1373306645468106,-0.4110991657258583
2016-08-01,0.057021410081123006,0.0033731476409839265,0.00823007888039694,0.00042094881237211325,0.014044224542370127,0.03541971374737741,0.0037529668936623927,0.02644625679939426,0.020476746367852346,0.004283557560561894,-0.05273785252056111,0.03467991976475789,0.031574300581345194,0.005691369821013116,0.008447012806112389,0.007547267343223579,0.02063110973253264,0.023656093494868902,0.03631649946543088,0.02478101305105948,0.026333780888317428,-0.008346138876440465
2016-09-01,-0.0014910972665240856,-0.0256122709228648,-0.020416908748921533,-0.00024692348948343276,0.005528710046202134,0.013616759911668021,-0.0013792591106707593,0.007416061302876113,0.003534435217724887,0.006339488490609813,0.007830585757133898,-0.020042073427837502,-0.004728809756954873,0.005814479697131258,0.023060089060375922,0.24947102268082103,-0.011433179106049761,-0.009481189901680778,-0.01446977949204577,-0.03163720370251746,-0.0369759399758475,-0.016933866548009997
2016-10-01,0.043119315189993825,-0.03344127454446066,0.01708674589181047,0.07360958922871899,0.04767475432772349,0.03293826760981956,0.04331535821509051,-0.008099136128074834,0.02885354986815396,0.03145199579528527,-0.011667319394708553,0.07254927195044654,0.054505761752378756,0.04908186709096012,0.04682802152730939,0.0336248282878179,0.002305560640328678,0.005733606572414386,-0.005806574231195852,-0.03654919827885972,-0.04666711551088059,-0.11921638746132712
2016-11-01,-0.02474191504065223,0.020698948779718833,-0.00389032949799048,-0.02221573406550774,0.013632014144783032,0.021290147324991394,0.0543255414273777,0.03671223544460179,0.03744303328819525,0.031956070104447905,0.05669798514510013,0.06688795757237641,0.01344044546598937,0.006244622170854221,0.04194917570509236,0.05912851073689661,0.046309289476528924,0.004413825536054579,0.018816748143486745,0.007790935526029727,0.0033968859244761784,-0.06349107164790023
2016-12-01,0.07762903345185969,0.03482011727157768,0.021730644454768803,-0.0099639955054259,0.029155492457037618,-0.011832441820012815,0.029500155288694773,-0.0018446097597097266,-0.02204006521473363,0.012754734318747279,-0.0648742991331124,0.01322956672318587,0.004506095894764307,0.029203908884431525,-0.000746276636940684,0.004128915129319795,0.000970696515945341,0.022084330915550326,-0.006175524557923369,0.0739413400718245,0.185107781317659,0.17187821459447314
2017-01-01,-0.002455883014428789,0.07388391083445746,-0.009994118786633921,0.03349077183453189,-0.010320278304708285,-0.0275968018090188,0.0006684240311147666,0.0058431179259682805,0.00755918348918148,0.014287262299443554,0.016743145313872342,0.026003455173910627,0.004097689355794167,0.01397823218905991,-0.012212994173007394,0.014010654000927561,0.02515364065264448,0.0057696008311612325,-0.016037152476933766,0.014027642013565605,-0.02485788949318394,-0.05086134466709456
2017-02-01,0.0141411907609866,0.015293844127409742,0.007720522628298008,0.008300654536688665,0.03358577042461812,0.025053094290498488,0.036273975709756545,0.008808892280103722,0.015083741521667327,0.018250034304317406,0.004108843543330807,0.0214260276582517,0.011714775112055027,0.018203640030089275,0.02000714703429767,0.03995100405422538,0.024487074114115437,0.007151700860720267,0.028392394594828424,0.001511158504173946,-0.0491717117247824,-0.0705977393830341
2017-03-01,0.0008936966078636381,0.015073917607674353,0.005535896489891621,0.02724919435582474,0.0002515862220350662,0.000779303753082213,0.0038102166385744467,0.007205701394690933,0.003080200549174906,0.00485029633646924,0.003956599728605602,0.031224312468947933,-0.009569753677146462,0.0016870689420314313,0.006905533102133046,0.028930360745403682,-0.004158042623253794,-0.0001890402138859199,-0.01064211296862143,-0.019004118272226988,-0.03519347871476236,-0.0664177911837103
2017-04-01,-0.012603088056657618,0.010419754296128198,-0.023016727925966967,-0.01708925512531144,0.026033091643737325,7.87665912955793e-05,-0.004855079787494139,-0.021137869900595622,0.0017988177647099415,-0.025413244546303775,-0.012810156489646157,-0.005111623602042485,-0.022899314432112256,-0.0012767357877436795,-0.01636575725699042,-0.015470479212021885,0.014581501397752175,0.008677335077888218,-0.021398771384123265,-0.017132348515134312,-0.017329308330839604,-0.01221768472879712
2017-05-01,-0.0402047854530605,-0.023225201956197327,-0.023950750433849585,0.009499597530179222,0.03150359089490445,0.014577322748379274,0.022021962605420775,0.00323135262145662,-0.00364334874234166,-0.014900316228115747,0.025304469224944753,-0.022097617596633763,0.015940032572916544,-0.00836402611918949,-0.01677975390649208,-0.019077990950170754,-0.017223049767123383,0.01676258541502266,0.008571920837220574,0.0009756440121984421,-0.0013034420367562633,0.0207941755598775
2017-06-01,0.02629636141528151,-0.013198899847629168,-0.009203387408059092,-0.042343930110958425,0.006272787334063781,0.0014787769386977799,0.0035660674344928536,-0.0029911701436057267,0.006660342360258714,-0.0028582041062873743,-0.029154565521568886,-0.000989442617408617,0.009473180747496993,-0.0026156093780870687,-0.011176791529998537,-0.01490639070547374,-0.0025765767856455895,0.030101911560527415,0.0014569926206629787,-0.001775114998580681,0.028655765381354975,0.029645207998763592
2017-07-01,0.045213747028138206,0.02320006303930552,0.033377271335152024,0.005698205572356633,0.05001738032651803,0.00784069789558792,0.0018661381375509071,-0.0065500815224851395,-0.0019319014895179544,0.04049146962159196,-0.004722277406546245,-0.018615392985361606,0.08352198391858137,0.01765634812478222,0.023736366535785525,0.018475506383597552,0.026314511776315486,0.014346751527446753,0.014742549669957411,0.015777893972432056,0.03856505719940414,0.057180450184765745
2017-08-01,0.0007818339609495309,-0.008905554746158967,0.003241332191085918,0.01893112789762575,0.04079548742615875,0.029269482471458205,0.04399011768723148,0.004060068670991885,0.03149841455183265,0.01829841659128962,0.01751658263034009,0.019248170255356103,0.024688018765618415,0.009353695965119252,0.003849155617754342,0.005484006287128786,0.009039826722470109,0.034683562975282495,0.021466588692443205,0.028988349472383292,0.003646537684835304,-0.015601632570520798
2017-09-01,0.013566504028637622,0.014677030311662807,0.032361540296867636,0.02684770090547726,0.017912055536898636,0.034183938713863694,0.035210806019837976,0.032880805989790284,0.015208243218967594,0.014226716922033632,0.0006602128933960102,-0.06110866300151681,0.00896879579745929,0.0073042595923932105,0.03610160515604579,0.010061590918933837,0.022238810040907317,0.032168133563635445,0.033578443095761246,0.019416087084865988,0.042087491259466404,0.10319615426098322
2017-10-01,0.007823672221600788,-0.0008550023798671262,-0.030982860849088183,0.010507677285888193,0.04142944719701887,-0.0044527054974943265,0.02159493130125922,0.009302993907198333,0.01942848611139896,0.0023304567590693498,-0.005493215462531439,0.02604672520882182,-0.046082448806132034,0.005351142204113884,0.003011526832720926,0.010906586836474663,0.002983254425158789,0.027008567271472727,0.027599562874057557,0.001994903033125262,0.011305706294376452,-0.014741018914445368
2017-11-01,-0.009115503410150064,0.020463547193203247,0.04988647336159208,0.01570876462441392,-0.002444965147730625,0.002817669027723547,-0.001587452554028025,-0.00555045862268672,-0.0004212822519886869,0.02026890032598086,0.029384403736130923,0.017898152162500798,0.05819376880762239,0.006572043264694026,0.016091841057265886,0.02388058302038352,-0.0007818097990006208,0.0009077617553516896,0.010753781039118953,-0.010980496550874502,-0.009671577983271269,-0.02756973014577207
2017-12-01,0.0010373149715343193,-0.01685228495758988,-0.029048238161247086,-0.00779341312961474,0.004500738008697638,-0.01978878732500725,-0.003867325575546407,-0.011569588987769181,-0.01703067266911097,-0.03224681228047374,-0.033284127252008064,-0.060500557475131,0.012951394757584167,-0.018501098034981348,-0.01430152511205328,-0.0009688184867162258,-0.011677070569277853,-0.002171591509997675,0.01392634914005001,-0.015806531392372685,0.047820166283670015,0.10832072375880102
2018-01-01,-0.023785214036921166,-0.013285226692778573,-0.05220743839261709,-0.03731638824178826,0.012190833275022345,-0.04545884256839031,-0.04901674895348497,-0.027079096902444054,-0.04869675879975478,-0.03471908945276529,-0.010933875415844126,-0.06821121671740402,-0.06492021756534691,-0.03268665518755567,-0.021346176793539163,-0.020656950388152108,-0.025194476347285815,-0.027846576611305605,-0.025393672364994856,-0.0024566759668541425,-0.00907285652819715,0.059138360189206866
2018-02-01,0.010211881858153861,0.029432513068391303,-0.01414700625512202,0.014923408065581088,-0.004434348034993806,-0.00604586983323522,0.018731302999651707,0.013081668835170352,-0.017668836283219424,-0.006243491388672962,-0.016455373246826825,0.05433200861833176,0.014098156386355505,-0.012534788044639032,-0.006044225791500516,-0.00409836592959534,-0.021396088692874092,0.012488818875404093,0.0070267174824628995,0.004049740298269093,-0.02707046526675346,-0.08140247388508523
2018-03-01,0.06450828909280965,0.0020641597247867396,0.006761584021799424,0.03976982878067821,0.05712584861469665,0.04968967719466842,0.019166229599101265,0.014892068132896993,0.03325015262431383,0.017128773686150196,-0.04737951540665945,0.13869987301422834,0.07899472393433019,0.029023071527640193,0.03798753135367396,0.012181288374318639,0.037559456952275416,0.021967417160528906,-0.012515035196676112,0.0178743384040761,0.051155680746414287,-0.08754419226781406
2018-04-01,-0.000989738384165731,0.041151619100845235,0.060599397668689915,0.02473818545615634,0.05344629358558109,-0.004259013702801253,0.019711391022143386,-0.012219005116417705,0.009660600219114215,0.028762992735485906,0.029752731119651637,0.05315913801702341,0.030598682399763686,0.015342690319331652,-0.004587486249372516,-0.014893548415237542,0.06366521620911943,0.011020810680608336,0.03472390288954855,0.040234386180770666,0.07227050602675841,0.019111368009735
2018-05-01,-0.018222944371105353,0.033816634001827696,0.01108099962587467,0.023967312102206696,0.006438625496812582,-0.0028858206584348864,0.012412166890176405,0.023668090253211337,0.01035164932156114,0.01666435769713015,0.0348873020682355,0.04348295781338822,0.020578401985505344,0.004039307117997593,0.015454001008639483,0.009727860464970263,0.009105565350757358,0.00983272729955081,0.00738142948730926,0.00011879521347370576,-0.032425891756451296,-0.07590884956983951
2018-06-01,-0.03520329895153308,0.022684950981697247,-0.011325995647589439,-0.0009885231272712667,0.017385708352255363,0.021330174045151164,0.02283455372613404,0.019371419536068215,0.01923761608705577,0.029153855210462737,0.06435715416199582,-0.01030868354147348,0.03325072977037615,0.0029371390685626305,0.004636832467146525,0.013910794193522836,0.004943305884960983,0.020120126027194006,0.001940848474777236,0.0015063624479245477,-0.02135198560322521,-0.01104330206175173
2018-07-01,-0.03406960166952671,-0.006375017789330426,-0.01770863386460588,-0.030606826994759986,-0.012541129059138815,-0.0058877370993312425,0.012072171808605748,-0.0014224546130910268,-0.009454740331593806,0.004603912081302161,0.03867351375082887,-0.046092829987349294,-0.013891794936942148,-0.041661814186640736,-0.0024378289930281636,-0.0072537968396428395,-0.01110284555425398,-0.020024264040838295,0.0007086228422080492,0.010132145148692592,-0.012466043166408392,0.033626786820940904
2018-08-01,-0.03378101203233276,-0.02783879917181542,0.01700486405254832,-0.0020173304006329065,0.01744599138162532,-0.03646152958400866,-0.012232531596308627,-0.008454539881012274,-0.020198800517167857,-0.002309264946136438,0.03147174708619632,0.0036180885484463554,-0.024902468938518676,0.002486719482019167,-0.022853169966858263,-0.007798513421318945,0.0047963811761235,-0.008812097097605746,-0.007950428681571739,-0.011562183667522432,0.01344691912901794,0.009828830580571584
2018-09-01,-0.10161593108029907,-0.06125089660762988,-0.05368447726523245,-0.0481880501592546,-0.09043885456424629,-0.027261477493555394,-0.04023987346769097,-0.048039041689480026,-0.04102426633506229,-0.03763944038246116,0.0639764906978379,-0.0930363676202233,-0.07755664960264351,-0.007781716672752595,-0.033900310078922115,-0.032411715845461896,-0.028725978802604787,-0.05312236765958387,-0.043997994100070145,-0.07759699050195708,-0.10294315883463478,-0.009906791214411487
2018-10-01,-0.020704088135193904,0.008959167336020108,0.03718846637175324,-0.012945287891067246,-0.04006893079004125,-0.02481261311265819,-0.005756832249972194,-0.022810924333624756,0.01387861252250674,-0.0007155383251839678,0.019988549810009935,-0.03953407488843817,-0.010584565439556975,-0.01606550022454068,-0.035779820322480595,0.010976132571435952,0.029834275664418576,-0.007359617764952689,0.026159699035185262,-0.03103808968509586,-0.10369584179564825,-0.06416176690721008
2018-11-01,0.0025499103986588094,-0.044805469997018836,0.0028078569265137347,-0.0345515058619524,-0.06591744394635642,-0.05785125140925447,-0.032099893105289455,-0.027804455044041956,-0.06301814954429506,-0.060652513760151995,-0.0632024241588108,0.017874654977395755,0.007120496947319142,-0.030397745004299172,-0.04293482364573028,-0.044981633524172095,-0.02142198336433984,-0.024095517823136944,-0.01669634006479113,-0.07458664122763783,-0.034410694877902895,-0.052285349855298646
2018-12-01,0.09392654269838968,0.0701878102953486,0.05888087061539634,0.06362387735987192,0.09505421272660013,0.0590783351078167,0.06283285810998422,0.08552972489220735,0.10195950737818883,0.08936188970571282,-0.00456465299267686,0.08585545036485459,0.0947911521377163,0.05526950305998152,0.05777990018997616,0.08880855368337201,0.0674600693559689,0.06311998770681317,0.0869869775669305,0.1012075980658024,0.06540790629904362,-0.020447544065810966
2019-01-01,0.040671617968174936,-0.005208316889715599,0.028221392640949243,0.05508685619286185,0.05044937933283839,0.05068319697031564,0.05084298789930282,0.0240870420863352,0.03417731397638336,0.08079146787769978,0.04011984990952484,0.07422016496854203,0.06118613802477535,0.03799104997880178,0.03370295775704105,0.02827732312422727,0.05173951789227803,0.029938036089311046,0.03864543456745267,0.061057239062003055,0.05209612656395131,-0.02212403840459072
2019-02-01,0.0016858471032508756,0.008966929892535381,0.03713941297348466,0.002810553462313814,0.0034969225189620872,0.008475341458965995,-0.0007639027075025683,0.013234766784926293,0.040328095457042294,0.0018649440778062895,0.00017909697455541392,0.018535792607125713,-0.004722972620147276,0.014223091798838197,-0.0009398613014221577,-9.00749079603462e-05,0.0018578007822188498,0.005399565268388621,0.03857142676189097,0.011883466606913145,0.028864071919797035,0.010328279312671322
2019-03-01,0.017712346549258257,0.004144770882530119,-0.0034475203421308435,0.032510818955447864,0.028406779100865514,0.0033258365854167723,0.031704646079490834,0.005813890704464212,-0.011572765899842474,0.0476510367318867,0.02993869018262844,0.029901802478531154,0.01061972311560345,-0.0021629104791655745,0.0064837448478308485,0.00437947279336016,0.020662900371423702,0.029453396768772018,0.021077796605359224,0.011216383724302295,-0.0149893500032415,-0.04489115248177265
2019-04-01,-0.029426647313576183,-0.04008048665140772,-0.020694918546564276,-0.03316175667769651,-0.01640432308697902,-0.0413142906314848,-0.04888151380987669,-0.03132886645541395,-0.0014319459215622063,-0.047846453235650746,-0.018419805922074563,-0.15623001111282991,-0.11586419527216137,-0.02609266547232301,-0.05563282563989287,-0.0518454685416038,0.00282475703060439,0.023217778181176263,0.0036891147180704007,0.0005606899087554911,0.027974820977508787,0.1842048320903387
2019-05-01,0.07168001154646685,0.059140164732011696,0.04352184945967716,0.042475437269353,0.03906647281764383,0.030262411685658415,0.031050857315638117,0.01656361600928489,0.021097233912456787,0.010251629113689608,-0.061428382432777234,0.057482289097436225,0.049125020043157094,0.035513199022693356,0.08892005188318376,0.05283333625688515,0.031164274379430944,0.02727660498519349,0.026228414577568183,0.025231097922118927,0.03866858023507112,-0.0188137088623651
2019-06-01,0.04718650705141117,0.008369709876317374,0.06870120628960218,0.025398336358333988,-0.0054388560560422435,0.02476499684659595,-0.010696224104384106,0.015892265374784543,0.008779234695072994,-0.008575889533553142,-0.05576239658496431,0.10054124458965111,0.015567220816752603,0.040086572383215786,0.0042851193812201375,0.030872315441712327,0.02120946248976505,0.02169045808813731,0.03271787955848297,0.04572887837203721,0.021894532403885617,-0.0786467121857655
2019-07-01,-0.029362246819738425,0.005236227813591232,0.029566478996791393,0.036511671782789426,-0.018578551562813836,-0.053785741838652895,-0.023596150989229524,-0.00825895389263344,-0.01397155415117456,-0.06355132998668378,-0.034189083166945355,-0.16090001690089206,-0.03478146147946831,-0.024531213684865077,-0.0012663728908210864,-0.040195550331489235,0.008601642331518184,0.03463910018640193,0.058658989269621986,0.04214547266462354,0.01921964982721159,0.18011966672810364
2019-08-01,0.015796957840034535,-0.046031963285016485,-0.004269457617945288,0.010698665794936935,0.03790053459667914,0.010648098500596108,0.026501611521485235,0.04108756199000006,0.043635761952406434,0.0982382772703165,0.08244131943028196,0.13797641308879902,0.03080698480578859,0.034091349952642305,-0.0008968764796259415,0.04055663309823304,0.008819410529094948,0.012557320925287779,-0.006279459714084177,-0.03557647838652383,-0.09822636301071033,-0.23620277609950935
2019-09-01,-0.03191180559540997,0.039477404562555614,0.010853689060379864,-0.020524389648958377,-0.001210008552691336,-0.03680117279832991,-0.03339889533197162,-0.01881493367970347,-0.014425304455278792,-0.05022014793906538,-0.018308342343655408,-0.10469020664185831,-0.02561849545754094,-0.02075674115286197,-0.009576319209030041,0.00995390532805787,-0.007699460928040661,0.000934037903814021,-0.023692586723817504,0.0011136638548382768,0.06617999886610318,0.1708702055079615
2019-10-01,0.03253228854626967,0.03663094208021086,0.015333316543472163,0.06937959363214659,0.04289700337102895,0.03173649787765259,0.032252579807682855,0.050015188232205014,0.047043896581822876,0.07898239817557161,0.04645010962930194,0.10994107902848083,0.025227711114158623,0.08011252287550708,0.05785395009632273,0.03521036955582173,0.06284284744792203,0.052553746501498445,0.036719898344114314,0.019645273516777813,0.012763242469201375,-0.09717783655927945
2019-11-01,0.06584665459361888,0.027742493956142058,0.0007423067684171594,0.007822364261558482,-0.001584307124192214,0.016036675411946776,0.011750120800636388,0.005031085324071744,0.044886190938852266,0.08767050373938151,0.02182384914576263,0.16557214100183237,0.0815281450788418,0.03337942215600359,0.026816635039909924,-0.00015777015814170508,-0.005010640619175109,0.017804448366491653,0.025238439124138458,0.002770911524092013,0.11322760837805065,-0.05234453262378172
2019-12-01,-0.02648130784716316,0.023025101007324893,0.017218858066670013,0.017880483445423936,0.021387615686565532,-0.004202184945133556,-0.05590416236633033,0.014747608305809463,0.03238308351248533,-0.044462158827398374,-0.017980850980235212,-0.15153124342992066,-0.0701759207967821,-0.028136229858782884,0.0002262037710882933,0.026517091698427715,0.022850159848777078,0.05608811041385005,0.03442414487237137,0.07442684982569178,0.0426502546533453,0.19418149808326596
2020-01-01,-0.11488455728315881,-0.03907370178432402,-0.07452159520994292,-0.05490331252666564,-0.027013112965746027,-0.060013143307758796,-0.06305133384784893,-0.05481386218346797,-0.08326685634979637,-0.11315909611802043,0.0017254611651383867,-0.13197669351220698,-0.15185887889680721,-0.11089477258631208,-0.06933596404953143,-0.05804803682575481,-0.05869675117114074,-0.040398314874878605,-0.044834889869557915,-0.047269355316454896,-0.09456223709506685,0.03741445641714013
2020-02-01,-0.25892242816317895,-0.20675319902100633,-0.15191219110460072,-0.11378836875541871,-0.2704031678207202,-0.18153486776347727,-0.22294887803969174,-0.22820773091829635,-0.34725303537541546,-0.39317967608552057,-0.13425724792234162,-0.3622857389458981,-0.3295022960857269,-0.2870650272848347,-0.17099035355605494,-0.1974027213586114,-0.21307650396579464,-0.22422864958105257,-0.18688470958665632,-0.20936877578048066,-0.185417530619082,0.1768682083268161
2020-03-01,0.3475450555540722,0.3071702847882303,0.14800589195055966,0.12421584309938216,0.1183888258821845,0.11399738424361132,0.135005924398936,0.1353130726190322,0.14936793331458165,0.4621613198315845,0.11461626427751226,0.41115947391554936,0.3685539095757968,0.16520681272709942,0.17064836286499527,0.14350211303199198,0.19395342347264022,0.14927109256763194,0.1991148210222719,0.28076750911191184,0.3593218057573327,-0.051837668158216665
2020-04-01,0.05871323418839266,0.0446503583138594,0.029769077656756182,-0.020439442926462888,0.04908226635735368,0.011051468850356325,0.03152626398908734,-0.01751993730930365,-0.015489983596550818,-0.003971287921732268,-0.06268452211012493,-0.005836048971255765,-0.002898377734733443,0.02102033167823936,0.02822884426890924,0.03322800404637632,0.01848494714111977,0.02275523309495736,0.01851367535173161,0.06109762895276577,0.12947500552633323,0.13531105449758898
2020-05-01,0.09248098895402337,0.04478598993439142,0.006784854673641431,0.02499255863696698,0.05767308556264325,0.012672147628028863,-0.004820029993172848,0.021470985594670356,0.02240291788973529,0.04896864703164487,-0.0435123419223785,0.09901326097614598,0.0011881733055386702,0.03475116220173978,0.056385575959256196,0.045417546193723145,0.05011173109395094,0.042058063154369794,0.004317370798592215,0.01076740891781093,0.10976350305496711,0.010750242078821137
2020-06-01,0.06706566728530297,0.10507162196350468,0.08906325343227076,0.06187123046869866,0.03483632185074567,0.04161530869644151,0.022221784612101107,0.040803890283940394,0.022361898730621978,0.034456512547081736,-0.032609154738221235,0.0031983995049916962,0.025432539525969904,0.03800200741112071,0.07641750965900669,0.06640079132483706,0.0575899674406921,0.13933767257388327,0.08919003015367138,0.09615251553911895,0.19363233911913963,0.19043393961414792
2020-07-01,0.0649654198571255,-0.01084824287515182,0.039463609521484845,0.03635922132437826,0.008145128795698831,0.004101945993813727,0.03521721299763858,0.051647676633889146,0.06740548525689312,0.09424765485080894,0.02928223499368343,0.09346574652372422,0.11880153247872074,0.0645803496939063,0.061700690077009,0.020067966696035385,0.027509584893094862,0.009917658263183948,0.0010982687856787882,0.024090321306366493,0.032297659858805686,-0.06116808666491853
2020-08-01,-0.06416583997383163,-0.010114797123375725,0.026128930940567584,0.009026823234788426,-0.01923996997233674,-0.010464224313384882,0.025848815092863662,-0.05320946989758112,-0.03623540669753114,-0.0985974620649733,-0.03443162209114167,-0.1461640836832704,-0.04996354343408706,-0.055220461235049936,-0.02054368299152833,-0.02264215674646508,-0.018438516878337592,0.015321574827049813,-0.03030865883283998,0.0045060182939322,-0.021581116522292016,0.1245829671609784
2020-09-01,-0.025095018149931845,0.0026487532399277636,-0.04777738404422499,0.01965379239864678,-0.043491498627704225,-0.00500638439677352,0.008383022042887694,-0.004065764919229281,0.003504527268218875,0.013929621051658713,0.03902463920159056,0.008763758297674356,0.012268660905227075,0.0009471358372359045,0.0024013991896287305,-0.036414658523934315,-0.02788639618474246,-0.03929752175397879,0.004088874199737591,-0.00578926286418739,-0.03458924874788068,-0.04335300704555503
2020-10-01,0.1859762739253023,0.025858551287860215,0.015352887323438667,0.11897451888445386,0.1606067574810373,0.14185063009460835,0.10715574775163447,0.14985096504403927,0.1925901076528312,0.302959308799415,0.11698303487411271,0.4367966836119255,0.2801563403169226,0.15478528710186898,0.1468324139836522,0.13630651076530176,0.09008021497017177,0.06204315870987555,0.08686354785506299,-0.0016015327391554312,0.01754478272962732,-0.41925190088229813
2020-11-01,0.0757212760322293,0.0745591476658196,0.04064807543561222,0.060222847490709455,0.03305310420713688,-0.0103319849456103,-0.002362851895326187,0.030990345990759362,0.018543949530113294,0.015167083632459775,-0.06055419239976953,0.07163639483314695,0.00778700973271642,0.03473465199786618,0.07519765806334477,0.021412304390671842,0.08106178239510328,0.05307541228487659,0.08016027011452007,0.059323688492204874,0.07543622476840942,0.0037998299352624693
2020-12-01,-0.017212979067413123,-0.05114838232406878,-0.042332193456947345,0.023220036254339,-0.004349957187890008,0.03389454472905456,0.025577934872916312,-0.001351169039306226,0.00974494588756137,0.038677872187666246,0.055890851255079366,0.06069420414590039,0.07762919905210097,0.015226252952161217,0.018377200113267943,-0.002279334986558174,-0.021035691727157097,-0.027403262880446,-0.024004310255497745,0.0050650649172980945,-0.01954658370615737,-0.08024078785205777
2021-01-01,0.1274736989092601,0.0585378739660454,0.004282612221931718,0.03462495312932443,0.11076440082107286,0.10514446054138415,0.043083567003554486,0.05375291058912325,0.09332196690959842,0.09580820607832853,-0.03166549283093158,0.32058642326149345,0.10165341862923205,0.07449574767298227,0.02872114378363046,0.08409312144401632,0.02082981282672852,0.011032983369902846,0.04556893644633427,0.08863669885765066,0.05750731720636826,-0.2630791060551252
2021-02-01,0.03409876197232896,0.007731682252113562,0.03778302434593948,0.02939836604998861,0.05122378690814341,0.0405584660071021,0.06272375648497891,0.06357859547841407,0.06556082060226336,0.10815660912380713,0.07405784715147817,0.11275277183052294,0.037833701072578774,0.08327804878236529,0.0456587728195301,0.057424475722167044,0.016577790755809695,0.034738261408618236,0.046498222008787046,-0.036230111339176196,-0.059909328945440585,-0.17266210077596353
2021-03-01,0.05359657478899684,0.03306147923570618,0.05352505358447933,0.028924309387108417,0.04034152866802171,0.04471935765130624,0.018071001578131806,0.027994892310843816,0.044102943551922714,0.057986005025048214,0.004389430236051373,0.018969180918684814,0.03123075688995989,0.03366017678093062,0.048563591206635545,0.03163019778794698,0.051194200385802954,0.045776376436381105,0.06012937887366193,0.06260882943320895,0.1094760145042609,0.09050683358557608
2021-04-01,0.06970903753033564,0.05734859006046597,0.01921380073834235,-0.005460914333572987,0.02187660077971232,0.010410941659819761,0.04693187776866557,0.025751351350865287,0.053210382775340716,0.05585925267189261,-0.013849784858443029,0.0930071219986804,0.040009686972272876,0.008746245196746586,0.021346293219526486,0.01512262222831146,0.022300615058743402,0.05087664734873759,0.04591221599571058,0.08092625152908527,0.10927913028477529,0.01627200828609489
2021-05-01,0.042855410283586616,0.027885352084497737,0.003901270393217644,-0.008829652758306172,0.008576401178325017,0.013241167255995319,0.01716965668821215,0.016052980079305983,-0.0023494129798158877,0.057206707321065614,0.014351297037478998,-0.08648630639727008,0.020947656491967875,0.026499250360396222,0.01442048516048471,0.01349326269310642,0.006967631618890549,0.024396781397868675,0.048441800260066566,0.060810670099191354,0.030857977319325883,0.11734428371659596
2021-06-01,-0.013588101027644366,0.01346468210537403,0.03950522693910686,0.031597989467907095,0.02077418020677621,-0.022876575239942812,0.0077744550156285865,0.0029808317083075755,0.03070352869751812,0.03869920682732342,0.05228730785496778,0.026439983257049045,0.039030015495243146,0.032212252324056584,0.021558804471530642,-0.0017975038466678897,-0.006661746294538082,0.0034097522909283563,-0.0011070785982421148,0.010326274619142217,-0.031671552560029216,-0.05811153581707826
2021-07-01,-0.014157037551475283,0.02023887003838358,0.014050550794548058,0.020434532188236737,-0.007560520982341869,0.002373334755631663,0.01288093551924005,-0.010719142641299808,0.028284411576836692,0.0071482687770171235,0.021305306328492406,-0.018375920410494278,0.01601914542119716,0.0021339486940102686,-0.004288088807882469,0.004097451156834806,0.003190003062100738,0.014603569416774004,0.026797145782180926,0.01442132383121505,0.024964451864343182,0.04334037227483746
2021-08-01,0.07193392816647716,0.06451427961588524,-0.023206323982784917,-0.028852200114437086,-0.0120134728409405,-0.0037883591479240687,-0.005183001446836113,-0.02421226640409182,0.010623122079962986,-0.022788126745245114,-0.09472205491172228,-0.08955707356524341,-0.055016691915297934,-0.04234385286217827,-0.04274979580351851,-0.025751003972759014,0.0035002510044041895,0.019419021344593414,-0.01450228293307659,0.07050646811817443,0.1757123860647436,0.265269459629987
2021-09-01,0.07210875107910049,0.04148393987943611,0.0654787176798151,0.04354036422080062,0.03516130123735594,0.04792620918524097,0.0566985825083647,0.03695534802679794,0.037043038984567,0.0422234933007318,-0.029885257778368687,0.0867344495612248,0.058175219053604274,0.051211202115032085,0.04173000742397688,0.03926369349399956,0.03871698411971664,0.05188698368251645,0.05845433371565476,0.09148851376128814,0.08305816042652267,-0.0036762891347021237
2021-10-01,-0.026390268513333995,-0.036901185628822095,0.0031510806357607215,0.0020579819553249337,-0.05009198213141404,-0.01256438178738495,-0.02793961417355908,-0.05051983739101519,-0.022915877279509892,-0.04026027505586333,-0.013870006542529338,0.018508008041955726,-0.008372626303085788,-0.018411822897989174,-0.019554539201828224,-0.032741241639188734,-0.039615775338436764,-0.0416557160389421,-0.03526537472731411,-0.02116835709019064,-0.034023454404174126,-0.052531462446129856
2021-11-01,0.03220628783197528,0.034672016258781545,0.046541408221525936,0.026259854087892928,0.02678354675910741,0.05054962741521457,0.04490185673465774,0.030850711075180115,0.04923269270274892,0.04171143777485282,0.009505149942877537,-0.008569772585041404,-0.01013685700556375,0.03513052730024805,0.04968357384636901,0.0337407169692607,0.04992104801327403,0.03964726473094217,0.06499792180494161,0.03289083621951469,0.029605186166635784,0.03817495875167719
2021-12-01,-0.033786841415037336,0.014304998324517312,-0.04811166919652497,-0.03132345201870389,-0.007787020532954923,0.05594932962700307,0.027858636847661836,0.028663639462015087,0.02038293508328647,0.021155480474163022,0.054942321889200355,-0.0740171951338064,-0.02597701489715657,-0.008489582968284646,0.0003382131632467799,-0.01656644948404644,-0.0012782738637731733,-0.02421384421130292,0.01402609254933218,0.041419867917946586,0.07609172883929716,0.15010892397310355
2022-01-01,0.07622632194235589,0.020548007163657706,0.0053715407621553095,0.000621849013534112,0.02228577288257751,0.04849352967078578,0.013599890724644242,0.03228775839036718,0.005692573485554575,0.03705362326726208,-0.039172698675093806,0.08071654531343293,0.04324656880494282,0.03425222400690757,-0.010364380904084421,-0.007965265617737432,-0.007922950569256643,0.048760890718284544,-0.007991730570466014,0.04113819760880949,0.16328896948982038,0.08257242417638745
2022-02-01,0.07075491277108897,0.04177855200027104,0.01581114911125439,0.06000777415625233,0.03698336903769613,0.05635188016436679,0.020470431330766054,0.017209593247355312,0.026870756602647747,0.036560027669049464,-0.03419488510203951,0.04585817783975318,0.0246850320944371,0.01832648671255837,0.06971415097971906,0.027612063749987925,0.04611038199084336,0.034950934412597376,0.031121405682155646,0.031531152695671374,0.07080415168479033,0.024945973845037155
2022-03-01,-0.0448579875303705,-0.039792813938363154,-0.03939438700708017,-0.03458532190896084,-0.02224340704517352,-0.02579210299717822,-0.034030927873325734,-0.04320170568688684,-0.02156543148410571,-0.017273264629860053,0.027584722900510446,-0.11624576116659767,-0.04196867607612069,-0.04920629823394859,-0.03787422916973565,-0.08221223013971055,-0.01545441569392746,-0.06587903747475467,-0.040569562756922924,-0.02236894344153439,0.06508260670507525,0.18132836787167292
2022-04-01,-0.005758855501687539,-0.03495922685022372,-0.01816721804034564,-0.011763081510250495,-0.024934902740250172,0.024810224509571686,-0.008396253326009406,-0.0012398175931689634,0.009886309251528676,0.0008723116585367817,0.00663116716022432,-0.06304756054879335,-0.019568703741313222,-0.03898003847931066,-0.029775331634469847,-0.015119358471679948,-0.040470612856576146,-0.023038459435971638,-0.0023449296657442535,-0.018902437729172494,0.08647383697550752,0.14952139752430088
2022-05-01,-0.12312055070387051,-0.09886450799571439,-0.06196884450832247,-0.03629003098540063,-0.10710106817259354,-0.11217557092633589,-0.08346137126551055,-0.08498768165430848,-0.08766779248711119,-0.10019601912511056,0.022924531578759955,-0.0953704163263286,-0.10578974617199932,-0.08071905242031926,-0.11044616932427635,-0.0830262147079965,-0.05510288091720813,-0.0690630570586902,-0.10592006625324231,-0.13336637816367286,-0.16997631184968492,-0.07460589552335632
2022-06-01,0.07629357408968926,0.0775285139114069,0.05890465410953151,0.03410459157037612,0.09763925339552394,-0.002180815228122481,0.04559442978239012,0.0713401495772572,0.03940130506348207,0.06754277143281819,-0.008750802656871073,0.05197179294753852,0.04573681185575581,0.08152589054565884,0.03328932209242311,0.05671219396919882,0.0641372439625709,0.016302906217413055,0.07402414047503189,0.08595399655280533,0.09369433802119406,0.04172254507365554
2022-07-01,-0.0036753443570308937,0.004957962105660357,-0.049280983634361036,-0.0065671147993006445,-0.008732905664502752,-0.04319284955436106,-0.01174073742962947,-0.043664342683785703,-0.018417664742342413,-0.005957944228518506,-0.0022825998714876123,-0.01051480123825255,-0.014865809023906914,-0.04242979757509634,-0.025604862121728873,-0.03727916622088374,-0.017452293607847096,-0.020032400819372406,-0.011373815627586058,-0.0028257455276382622,-0.0005583866310194955,0.009956414607233056
2022-08-01,-0.022432995031310958,-0.04432051874648585,-0.01786157627857701,-0.03305243234388119,-0.04195553535621968,-0.027687971248033093,-0.04060993888482098,-0.04702963608277998,-0.08657735196500455,-0.0754087580177195,-0.05297576298640854,-0.01221738718888737,-0.0459335978037319,-0.02943581037494814,-0.03744777947762077,-0.003783677965523152,-0.04237018995329093,-0.05812126587903112,-0.029232259112621332,-0.039911107386686365,-0.12123803042761833,-0.10902064323873095
2022-09-01,0.022990765871845217,0.055193027918315,0.022886697303522722,0.0983171219523421,0.058062944619354025,0.048151269100501354,0.0051962085363303585,0.05669279902503016,0.060832362945368805,0.09468552931783569,0.07169476344599048,0.043956739300849965,0.04250723337871626,0.06614369333884411,0.04018952036365229,0.021873215721984484,0.04342148436623655,0.024715132995892283,0.03385166392218398,0.04706128715199278,0.21557422780327143,0.17161748850242148
2022-10-01,0.07789458208657259,0.07077166057277309,0.0792517053002314,0.05752668453501003,0.06457741987826766,0.08425671059513508,0.04549520054822917,0.07179775807291552,0.05103534716976981,0.0680626208872878,-0.009831961199284783,0.11141504124782976,0.1732692757749759,0.09325664813297134,0.09133487908524161,0.05467252592692277,0.06899700720501761,0.03634444655831964,0.030038860879943407,0.029851970536306335,0.03356179957247232,-0.07785324167535744
2022-11-01,-0.052118399393459705,-0.03763985852677177,-0.039726653631087024,-0.0018189541777391053,-0.04348168020328799,-0.011195642463590531,-0.028625352078968595,-0.014459448160381546,-0.032879614075862665,-0.02457794452949656,0.027540454863963146,-0.025183865462117688,-0.024953593555435312,-0.015660445738428577,-0.009000367349307795,-0.030075425812870232,-0.02887317483753027,-0.017215449791994915,-0.02982969359867249,-0.0226784724200777,-0.0709209512486935,-0.045737085786575815
2022-12-01,0.05483757097686494,0.06596699419865983,0.061647969692671764,0.06877843423144374,0.09074423597416645,0.09334427135219298,0.07573033639210275,0.07765507323672406,0.0952726427220028,0.08093491989925804,0.0260973489223931,0.18103226793610078,0.10331366594719531,0.10878631616661073,0.08638863709779339,0.08735394964637477,0.11152589394768969,0.07055600566109085,0.022717549146459046,0.040197225075795456,0.0064513351602120935,-0.17458093277588868
2023-01-01,-0.014327492441811814,0.009807581973027113,-0.004512725625643651,-0.027352005400143074,-0.03999144629303351,-0.008459647504866956,-0.005771218098572088,-0.019549388471129425,-0.01842427025508168,-0.021989847020132312,-0.007662354578320499,-0.027528216474695045,-0.033037283052677176,-0.009437753665407615,-0.03304364204484771,0.004511400962838462,-0.033645111838507435,-0.02885892453435985,-0.02047730819554163,-0.008947770558167182,-0.03303314796249229,-0.005504931487797248
2023-02-01,0.032934686240755136,0.010610096818974658,-0.00357404124090021,-0.0015786811445370715,-0.0015586654193063283,0.0027243115499973602,-0.007295056747794156,0.02581847039597936,-0.032990331950011414,-0.0015965838076317073,-0.034531270048386846,0.04584262286974626,-0.011054182410239444,0.002624659554216272,0.018367848860569542,0.0193345253247963,0.03475024216119009,0.046563707913357545,0.015517297134448157,0.0020744159494769008,-0.004816839736034186,-0.05065946260578045
2023-03-01,0.022403069038540377,-0.0007065436956820247,0.014985590759613624,0.022292491050695945,0.0135443319903665,0.018324583051224915,0.01701578848008423,0.019777551119253924,0.04847695051009722,0.02748535043378245,0.005082281395242073,-0.019014199039396655,-0.00031685481037207916,0.012382071175796235,0.018640139290581607,0.019930189909937918,0.0433325551314753,0.039805890612392404,0.018623616729231133,0.029864031380063476,0.009587186665762823,0.02860138570515948
2023-04-01,-0.05002168182252679,-0.06868367365680951,-0.03182999517296977,-0.027249082601948388,-0.042717831176282826,-0.04380666008488269,-0.015259845041653274,-0.045956149522845574,-0.04328944844138235,-0.04239444815871737,0.007627233663809421,-0.016280933073527386,-0.04938818074597199,-0.043404867940117234,-0.018445914816166475,-0.0570605895520504,-0.06869115723699934,-0.042896046203224264,-0.03547458559923112,-0.02227094886606692,-0.009585249154200736,0.00669568391932665
2023-05-01,0.03420134961452338,0.023659174443947183,0.03154806970260857,0.0026850349215636364,0.022067478542106587,0.05084869421935234,0.017878549188294814,-0.0027770358800978737,0.0070529604357875714,0.006349063851509048,-0.027852285763014337,0.039533016268379226,0.04712983349149152,0.013446606628705206,0.007313510246212124,-0.012775801579602489,0.03544109884609069,0.007605411033530584,0.009426115983536576,0.023117703450474456,0.013587693155082807,-0.02594532311329642
2023-06-01,0.05412514004948901,0.04946680746568324,0.0139481925649732,0.028360174680322283,0.04735043182908639,0.08232283736020046,0.015909908036370275,0.04095808067212455,0.03255256358844149,0.030064599402253877,-0.024060540647235135,0.05795632565101759,0.0372729080839989,0.033753003114557194,0.030160987502719883,0.017084660705035802,0.07201353050030548,0.030417156254675864,0.05740287767129038,0.06935583677478611,0.03614397483151765,-0.02181235081949994
2023-07-01,0.01763227612790009,-0.01901929527576988,0.009740397619733852,-0.001969704447925035,0.0037150881168462,-0.04124132105522278,-0.023810300004589856,-0.021754791183544578,-0.011407098344887576,0.007637699124119677,-0.009994577003780411,0.015205936842779664,0.01393032032373288,0.004613247435509353,0.027116320536177,-0.022006048657036398,-0.019213812414753707,-0.010418331236197417,-0.025748169349259317,-0.0067581514870437565,-0.05213653528891433,-0.06734247213169399
2023-08-01,-0.03096522897628385,-0.055611100288018245,-0.009364189494277076,-0.027809881740351566,-0.041174182988676956,-0.03838611368301271,-0.037721850704807866,-0.0330698610714817,-0.04552368556160924,-0.06000322479766421,-0.029037995821380364,-0.0509087402883344,-0.050132070297299394,-0.031118150120604808,-0.038062637887582594,-0.00834325040273409,-0.0046567540415832845,-0.028504684231683366,-0.04886162372695913,-0.0508139844622756,-0.08293036721744354,-0.03202162692910914
2023-09-01,-0.04999473196636307,-0.03223473274725153,-0.019612163311909025,-0.01989477905694095,0.007142859557095065,-0.02176295480010233,-0.055107472908718313,0.00037948688619494675,-0.0380165336123956,-0.00866339668622719,0.04133133528013588,-0.07830851229796418,-0.014619225141852269,-0.02030704638503589,0.0012650613203369233,-0.006319943379149804,-0.02313352330511686,-0.001846824223432848,-0.032306288261620665,-0.023414902782519686,-0.057041956884111664,0.021266555413852514
2023-10-01,0.06738994124029768,0.023961463431727996,0.03628916544954696,0.060794189670750794,0.05924670293233552,0.0661321102256878,0.07980723698504877,0.04418431995629681,0.07754440918619356,0.01859976949468878,-0.0487901717456089,0.11161256351929397,0.053721383484327326,0.041646551235320316,0.06372191110886073,0.028804471219558637,0.09399203801150662,0.03729221106851074,0.0597755374991292,0.04911280502976204,0.09477165241106215,-0.016840911108231812
2023-11-01,0.013693097675189982,0.06366295168924357,0.049023271352079095,0.0029603975471620783,0.03915467896897952,0.045599951167915154,0.045246137275974985,0.055461516442818305,0.04757579949376948,0.038055094771819294,0.024361997096629312,0.02645671912293345,0.04680730729016854,0.03996733301904557,0.057433364853496385,0.0274498837559528,0.04730415519065184,0.021501848346749303,-0.007941131669451457,0.05121512220609218,0.030571906150902745,0.004115187027969293
2023-12-01,0.019590170931267765,0.012966555324603694,0.02061273241659513,-0.016293630396112008,0.0021382065187100043,-0.008229616380234742,0.000738548643333962,0.0071686965187600015,-0.004003802274321495,0.014454026889071452,-0.005136144042196313,-0.005703613515960136,-0.020746192388816927,-0.007593661104931994,-0.017944703406107352,0.008802710774812381,0.0005975933324200752,0.009506254831176952,0.013630477379258694,0.004461701725846141,0.07350499043897815,0.07920860395493828
2024-01-01,0.022507323778075947,0.013790814714650147,0.04746970350873646,0.018041260441858824,-0.018491514945886002,0.012639386405663505,0.023936928326283233,-0.014148128967253022,0.015275618400022346,0.003732362618027117,-0.018774961160048828,-0.033644110356350815,-0.006248999155230894,0.002289482952056675,-0.013146150719590601,0.02282328834374975,-0.00029741966752725287,0.03310316300539926,0.04906030332958997,0.0051841229352670715,0.043069031156509896,0.07671314151286071
2024-02-01,0.04872629347688608,0.08927354751999042,0.053216520188810366,0.049646536820286566,0.05738119890033814,0.03500329497112281,0.0728716129231887,0.04015201585213685,0.043683568788915605,0.028426723180830265,-0.020299570296055818,0.10491959349544222,0.07999988201023614,0.04631168343334563,0.04342403807640133,0.011243178055735357,0.0901405924250364,0.06770375402064996,0.07010763642446094,0.07008174500999934,0.0935164324045192,-0.011403161090923014
2024-03-01,-0.001895183764468333,0.002601835368438198,0.002600847388165554,0.02060912754597746,0.01498754633709587,-0.003762528129056105,-0.0227376973995204,-0.03400920513276923,-0.01972903851342147,0.027978308532876195,0.02987349229734453,0.08336106637241157,0.014153580241577262,-0.004318972262378152,-0.00047041917882463866,-0.012137699978826662,-0.015300084304600095,-0.00015316390260164205,-0.003485488428034306,-0.03255955517385812,0.04014494660292842,-0.04321611976948315
2024-04-01,0.05310517981200996,-5.872023390574205e-05,-0.00020532730487953527,0.06593070111870933,0.030307941567545453,0.06721790420747245,0.030309850804182806,0.020777898726809647,0.038258652484743194,0.02490803875789572,-0.028197141054114243,0.13160674019159352,0.047457000704630804,0.017276080273537987,0.04849503162151046,0.03354162451395396,0.01944972769863414,0.01696998426564857,0.03757543639635477,-0.007390086163597053,0.0458355333565316,-0.08577120683506193
2024-05-01,0.0022187585051866173,0.020436340596609412,0.013852549570203076,0.010472262805316747,-0.009112176043823642,-0.02460230107637293,0.014785197409066645,-0.01936436743154275,-0.01467699428129217,-0.026168717108928638,-0.028387475614115254,-0.04094801826836655,0.00016793290376702875,-0.00031530768463424233,-0.007967334153598012,-0.0122115534946034,-0.011820336329046449,-0.017950044499678994,0.011937585427463501,-0.024620718730878493,0.010720027401955642,0.05166804567032219
2024-06-01,0.059545313144680936,0.07880953753243636,0.05146761882628789,0.05552625705881736,0.062392990686206955,0.06527920770270959,0.06224923352089353,0.07061818442898371,0.080450795718961,0.055350929121925706,-0.004194384022755231,0.06680706595067565,0.06490788387623612,0.07909785858032922,0.08035896707728366,0.051077433199602465,0.04361686315395319,0.05701415111593375,0.08015482476168896,0.06030289485234356,0.04454873206816876,-0.022258333882506885
2024-07-01,-0.009595107835895011,-0.014544078847909888,-0.013855765677291059,0.00019129430648641218,0.008541627930583957,0.007223953520481013,0.025950694465316494,0.012396740947826734,0.025028062390992166,-0.01371901705705273,-0.004123909221157719,-0.04532649671026562,-0.0044903981755717,0.016952063055955348,0.015229294465659085,0.0030777802845239053,-0.002585907844786622,-0.011805342683732071,-0.014717916342477644,0.01448337035083074,-0.004234181116152521,0.041092315594113096
2024-08-01,0.024071753512167973,0.012817605381074458,0.023813552678021207,0.014241817262182837,0.032737484576908955,0.03512175225938816,0.048598411968922964,0.06900402248253981,0.07299548603738384,0.02342515579176451,-0.0006465977204034613,0.05266890371914237,0.05194782669160377,0.052251244685157135,0.05846732102039019,0.01799411216509243,0.026920223689275546,0.019080228754922053,0.042191345988215175,0.027676265229830004,0.05839953765773288,0.005730633938590517
2024-09-01,0.06014790807205374,0.005092306064406523,-0.006490062762941172,0.008750657358740341,0.026294715668803804,0.016723853247427395,-0.017730391884255976,0.012351596674914072,0.002803967740066494,-0.012635740081256746,-0.07278364815331048,0.017311576261629488,-0.02900554687329069,-0.029397339421858657,0.007605911439576166,-0.014723741849299346,0.04292798416102707,0.019678734334713413,0.0512484369969657,0.04143851318901613,0.09598996929655523,0.07867839303492574
2024-10-01,0.0429685922913515,0.06741868838866108,0.03316583482538704,0.056112756389012065,-0.005968126409822088,0.0354149850321585,0.034225873983376336,0.03626566311384877,0.024816093506375606,0.026555987437588358,-0.01641260485376314,0.09106925477647884,0.022682733252221164,0.030703837782236662,0.04581214935493333,0.021984106226948106,0.041426925043362775,0.023741078034393147,0.0339957706454551,0.03417467287265682,0.019330093783739385,-0.07173916099273946
2024-11-01,-0.034914682866918983,-0.03495616414660985,0.002213720228063217,-0.04446476196278775,-0.02702574655521125,-0.04835752886261639,-0.03453296488563492,-0.0145594573309659,-0.045673388639606946,-0.037356698238298736,-0.002442015371379752,-0.02793202599140569,-0.047049879888279,-0.04254008695876424,-0.028488913084810982,-0.028293699344333144,-0.024271234331712827,-0.042208358171461305,-0.030935537201176012,-0.02513337358817912,-0.027157646550736804,0.0007743794406688854
2024-12-01,0.04213988506321995,0.008045143237856078,0.022226160986332094,0.04424310801678717,-0.00702508286705031,0.015466166203134794,-0.005289395983140353,0.002968337531329729,-0.003909565151367272,0.007668078208646655,-0.034471806854573295,0.0018476934002779441,0.02102916241975366,-0.007245287378108548,0.008541122668160523,0.0027032311624048586,0.057897649255907825,0.013435169131832075,0.020252264570588246,0.03531725317964605,0.08766787641205823,0.08582018301178028
2025-01-01,-0.03317545541637538,-0.005662085289053774,-0.03532104501899275,0.0135678840878146,0.003879467220341759,-0.000640184068222219,0.001485902861984689,0.0024868432811962302,0.011948131291153019,0.012212143588154027,0.045387599004529405,0.02361934044636036,-0.012325069269632914,0.0005110205178580819,-0.014221744927012643,-0.048448532443031087,0.012115151247936324,-0.01120420700587531,4.630401618191261e-06,0.004283809086527975,-0.06108384108842065,-0.08470318153478101
2025-02-01,0.023258692087160925,0.039443172636484614,-0.003451184319709082,-0.009457678853171073,-0.0016154937817892076,0.016830147495273645,0.011403359360839894,0.0035077991317781004,0.013742054964823558,0.07579524911842317,0.05253655703126224,-0.04073649299112682,-0.026382682982191725,0.006133570789270938,0.04004903112291486,-0.0057593785197172535,0.010852498631656585,0.04976711986928019,0.031712868990239604,0.026405094839598693,0.08729087833337293,0.12802737132449976
2025-03-01,0.0051106570611195445,0.01263777396449,-0.006806265968288906,-0.03024336271668037,0.023858774130112413,-0.002113556685053346,-0.03595413806819693,-0.018856326988893248,-0.0021612565050427943,-0.02394020554786975,-0.029050862608989293,-0.044994972885279726,-0.023227025915407574,-0.02515503995774201,-0.01134942488425388,0.0006737121722962161,-0.0004527902867437425,0.01989723559674265,0.02169764142831416,0.010054469694887033,0.03065033946834476,0.07564531235362448
2025-04-01,0.08741247672836167,0.05803534715599413,0.059255573425342316,0.09509032150325301,0.06495049876191739,0.09809763778166801,0.063946758420025,0.03880751166703806,0.06542015557082097,0.07898854125411284,-0.008423935474248828,0.07597870788375571,0.11684576487544872,0.07457030297606629,0.09817213259812857,0.056237113132265405,0.06208189235585078,0.046658066305231775,0.06973384095512739,0.059384699431282516,0.08664601366935629,0.010667305785600573
2025-05-01,0.06692363453298908,0.023775445181237802,0.04415747596477064,0.06249381090460196,0.053268415321567335,0.025316816709462037,0.03389625885501599,0.025238774993960395,0.059377271592751725,0.03550091639467021,-0.03142271813831887,0.07135965779721098,0.09470436782415717,0.04212541727353249,0.06007840903356162,0.05296877283846943,0.06062052461533105,0.023232192680465318,0.008833014509546927,0.044724145072922314,0.040959128404458776,-0.03040052939275221
2025-06-01,-0.006343484716660613,0.009302934297401488,0.016129841670709372,0.018095940049973423,0.011311102543399863,0.00036305805516057406,0.02227195539281779,0.031127779651267867,0.01895142366211276,0.02566999245581282,0.03201347717247344,0.10066001517362191,0.006123939899643057,0.03183186027785942,0.02487664763108724,0.008423054325254822,0.010654413004636142,0.022056934273615554,-0.015120099301571724,0.035468344551267274,-0.011277569191504544,-0.11193758436512646
2025-07-01,0.05497997921675837,0.0851318686137476,0.04567134607750313,0.05459833238436583,0.08340889356553675,0.09385849238808379,0.013883857758131573,0.036807694814616265,0.01952571828089192,0.029095196040821725,-0.02588478317593665,0.15863976601655555,0.07162290515624212,0.029040685777119195,0.024497887871478722,0.038196829336476494,0.07480428023981162,0.028269866504309533,0.015203265897286922,0.06897550654409015,0.19393797161675938,0.03529820560020383
2025-08-01,0.06964178907697709,0.10154280795801698,0.05093707177923116,0.07094792151474415,0.0518699324093341,0.05975594485898112,0.016114604571508383,0.042921813970907184,0.030228998018045558,0.02321939270957785,-0.04642239636739924,0.08047548636919342,-0.010831444220425276,0.041554406019599074,0.051438291760197534,0.0293516140372096,0.03503200728581696,0.08157132541950182,0.042512627021712775,0.1427070975172395,0.15737794406759,0.07690245769839658
2025-09-01,-0.01495365961348757,-0.03687082824287754,0.03222691372130503,0.011510687944123629,-0.010966161587132648,0.028921274964535084,0.024387623328108756,0.015022684020431743,0.01844507033153718,-0.009723723158678572,0.005229936454808999,0.006249808989052892,0.015339764110503447,0.013139802261392976,0.01965391250827859,0.009627523080450276,0.008751540814547308,-0.0009662589278276662,-0.021422641720614408,0.01812407353716113,0.041335936255141016,0.035086127266088125
2025-10-01,-0.037094494102135805,0.008442322354003978,-0.00446181637328164,0.02598897523723277,-0.01312273587685361,0.009844176248029189,-0.01498309563059557,0.027173192441005474,0.02628056592187474,0.007305596317298037,0.044400090419433845,-0.03354512132903933,0.011336198129149924,0.011891984212633286,-0.03663155170794948,-0.0475942440614446,0.005210382356300334,0.020686140060069108,0.023289955701091106,0.02612752121584236,-0.002843097548968818,0.03070202378007051
